{
  "generated_at": "2025-10-05T18:55:55.306694Z",
  "root": "logs_pass",
  "total_files": 125,
  "files": [
    {
      "bucket": "chess-famous-txr_full",
      "file": "session-famous-01.jsonl",
      "relpath": "chess-famous-txr_full\\session-famous-01.jsonl",
      "sha256": "be51b113cfefc33647ea1c8318cb1b1efb1ac19c3551fae5c920ddbda6252d32",
      "lines": 36
    },
    {
      "bucket": "chess-famous-txr_full",
      "file": "session-famous-02.jsonl",
      "relpath": "chess-famous-txr_full\\session-famous-02.jsonl",
      "sha256": "250ea18594e93fb80e472b870a8ae106474d53214a7be2a4e07f451ca3c43bfc",
      "lines": 71
    },
    {
      "bucket": "chess-famous-txr_full",
      "file": "session-famous-03.jsonl",
      "relpath": "chess-famous-txr_full\\session-famous-03.jsonl",
      "sha256": "6f4224d49edd0f5b25e8ace211d2f13cd5aa19514946435a248bb16edbb3a74c",
      "lines": 36
    },
    {
      "bucket": "chess-famous-txr_full",
      "file": "session-famous-04.jsonl",
      "relpath": "chess-famous-txr_full\\session-famous-04.jsonl",
      "sha256": "35633dba5b9e472794fa8c558a72fa7510732696efcc655469f3f8db1bc6067f",
      "lines": 71
    },
    {
      "bucket": "chess-famous-txr_full",
      "file": "session-famous-05.jsonl",
      "relpath": "chess-famous-txr_full\\session-famous-05.jsonl",
      "sha256": "3e4c2a3676139e2f27dafa7cdbf8afd495065bd8da8c71841c604f546c6a6df4",
      "lines": 36
    },
    {
      "bucket": "chess-famous-txr_full",
      "file": "session-famous-06.jsonl",
      "relpath": "chess-famous-txr_full\\session-famous-06.jsonl",
      "sha256": "39bc4201acb14cd104b24bc583e44e5089a54d249e799ab141eb3e30700ab0ad",
      "lines": 71
    },
    {
      "bucket": "chess-famous-txr_full",
      "file": "session-famous-07.jsonl",
      "relpath": "chess-famous-txr_full\\session-famous-07.jsonl",
      "sha256": "920cb618558e18e3d86d08d2173634c2d30b0860321509d957ca285e7e65b4f4",
      "lines": 36
    },
    {
      "bucket": "chess-famous-txr_full",
      "file": "session-famous-08.jsonl",
      "relpath": "chess-famous-txr_full\\session-famous-08.jsonl",
      "sha256": "0a5cc271e378abd147115a1577a272d6d60a4c2b80dcdcc44651fe286fec446b",
      "lines": 71
    },
    {
      "bucket": "chess-famous-txr_full",
      "file": "session-famous-09.jsonl",
      "relpath": "chess-famous-txr_full\\session-famous-09.jsonl",
      "sha256": "0220a5f894da1f10c6b0b4d45859f9ffac6a6dae85531690ee0b989fe66b3849",
      "lines": 36
    },
    {
      "bucket": "chess-famous-txr_full",
      "file": "session-famous-10.jsonl",
      "relpath": "chess-famous-txr_full\\session-famous-10.jsonl",
      "sha256": "1c4f0b8cf05e6549e214548f402520e5b6becbdbbaf8d5b24589b54ae3869892",
      "lines": 71
    },
    {
      "bucket": "chess-famous-txr_full",
      "file": "session-famous-11.jsonl",
      "relpath": "chess-famous-txr_full\\session-famous-11.jsonl",
      "sha256": "7be75e36c2693996bfcaa5cf4641172962211c3ef3838c31d476c5631fd5e5d1",
      "lines": 36
    },
    {
      "bucket": "chess-famous-txr_full",
      "file": "session-famous-12.jsonl",
      "relpath": "chess-famous-txr_full\\session-famous-12.jsonl",
      "sha256": "b6a182cbb86a7bf270122a0ecdefaa3088da81b02fcae5cf759badcd28dd774b",
      "lines": 71
    },
    {
      "bucket": "chess-famous-txr_full",
      "file": "session-famous-13.jsonl",
      "relpath": "chess-famous-txr_full\\session-famous-13.jsonl",
      "sha256": "1d897af3eb617eeb05573e1a5ef45f68e572eab6ab8e4649d854d3fdb4408711",
      "lines": 36
    },
    {
      "bucket": "chess-famous-txr_full",
      "file": "session-famous-14.jsonl",
      "relpath": "chess-famous-txr_full\\session-famous-14.jsonl",
      "sha256": "be0b6065b828589a182952da2893fcf55a356c24222b86dbb83f4aed4db3156a",
      "lines": 71
    },
    {
      "bucket": "chess-famous-txr_full",
      "file": "session-famous-15.jsonl",
      "relpath": "chess-famous-txr_full\\session-famous-15.jsonl",
      "sha256": "9974923dfed79e9678c5680f5db13a4846d93b510ec34e85b8e037caa3c14f61",
      "lines": 36
    },
    {
      "bucket": "chess-famous-txr_full",
      "file": "session-famous-16.jsonl",
      "relpath": "chess-famous-txr_full\\session-famous-16.jsonl",
      "sha256": "d5c38755790fc084d624d2ec706039efb1e861efdc42c2eba91192811644825e",
      "lines": 71
    },
    {
      "bucket": "chess-famous-txr_full",
      "file": "session-famous-17.jsonl",
      "relpath": "chess-famous-txr_full\\session-famous-17.jsonl",
      "sha256": "2038f5dd3e71d6b01be9439bb60d7c067863e3e1eed4b85bdd61a34f15b0675e",
      "lines": 36
    },
    {
      "bucket": "chess-famous-txr_full",
      "file": "session-famous-18.jsonl",
      "relpath": "chess-famous-txr_full\\session-famous-18.jsonl",
      "sha256": "dc97bfc80b8aefd400c55b4bae701144e75f03ff790479d77cdbd1a6c08d2d62",
      "lines": 71
    },
    {
      "bucket": "chess-famous-txr_full",
      "file": "session-famous-19.jsonl",
      "relpath": "chess-famous-txr_full\\session-famous-19.jsonl",
      "sha256": "d814ec8c85c61392fd12f8748e5c313887efd544613bd333942fb83ea3fcda4e",
      "lines": 36
    },
    {
      "bucket": "chess-famous-txr_full",
      "file": "session-famous-20.jsonl",
      "relpath": "chess-famous-txr_full\\session-famous-20.jsonl",
      "sha256": "24cbd03ab9e4c096b3391164240de94415cdd151df7548b094d0bf7611abd90d",
      "lines": 71
    },
    {
      "bucket": "chess-famous-txr_full",
      "file": "session-famous-21.jsonl",
      "relpath": "chess-famous-txr_full\\session-famous-21.jsonl",
      "sha256": "f9332ad7134fc4c4a2e2e08d77121c3b2b5df0e63cfb0e6671add05c99e5e859",
      "lines": 36
    },
    {
      "bucket": "chess-famous-txr_full",
      "file": "session-famous-22.jsonl",
      "relpath": "chess-famous-txr_full\\session-famous-22.jsonl",
      "sha256": "8691d89367b1db9f13fb0d9011aed42ecd65d5ea366b637dcfed3f8599ecbb1c",
      "lines": 71
    },
    {
      "bucket": "chess-famous-txr_full",
      "file": "session-famous-23.jsonl",
      "relpath": "chess-famous-txr_full\\session-famous-23.jsonl",
      "sha256": "169f8c8dab1c06b38293d6cbf5e3edf0f9f4b18a1fff297ccb958cfac233e8d6",
      "lines": 36
    },
    {
      "bucket": "chess-famous-txr_full",
      "file": "session-famous-24.jsonl",
      "relpath": "chess-famous-txr_full\\session-famous-24.jsonl",
      "sha256": "79d75ce31de2394541a1bf50f1384a2d87665f58dcbf057e2165e2110cacda42",
      "lines": 71
    },
    {
      "bucket": "chess-famous-txr_full",
      "file": "session-famous-25.jsonl",
      "relpath": "chess-famous-txr_full\\session-famous-25.jsonl",
      "sha256": "74b054524f0403c996cc9bebeb8605e40634ce5431dae8d6287d654e22f89366",
      "lines": 36
    },
    {
      "bucket": "chess-random-txr_full",
      "file": "session-random-001.jsonl",
      "relpath": "chess-random-txr_full\\session-random-001.jsonl",
      "sha256": "a8674aedc3f997fbafea2d6e90756ee69bd34b88b0165163452d79c3f91f025f",
      "lines": 86
    },
    {
      "bucket": "chess-random-txr_full",
      "file": "session-random-002.jsonl",
      "relpath": "chess-random-txr_full\\session-random-002.jsonl",
      "sha256": "1483024c31d454293e2d6e1e2086f6f948081907b6bc0596d2e682406b07b4dc",
      "lines": 36
    },
    {
      "bucket": "chess-random-txr_full",
      "file": "session-random-003.jsonl",
      "relpath": "chess-random-txr_full\\session-random-003.jsonl",
      "sha256": "abefc919545914a1d43fa3154d7c594674983b31343e4d4df1a4d0a02b620ac5",
      "lines": 36
    },
    {
      "bucket": "chess-random-txr_full",
      "file": "session-random-004.jsonl",
      "relpath": "chess-random-txr_full\\session-random-004.jsonl",
      "sha256": "1d3c69a8dd37bb4855108b995e1627663ffdb03329f2f6893f8197bd530cda8b",
      "lines": 36
    },
    {
      "bucket": "chess-random-txr_full",
      "file": "session-random-005.jsonl",
      "relpath": "chess-random-txr_full\\session-random-005.jsonl",
      "sha256": "a5cbcddade76a79532fe5b49ad511ab2ac32080fc55463135009953f0492a9e6",
      "lines": 36
    },
    {
      "bucket": "chess-random-txr_full",
      "file": "session-random-006.jsonl",
      "relpath": "chess-random-txr_full\\session-random-006.jsonl",
      "sha256": "90d0daa781e093cfb30295467afb44f0af798c6b72cddf7fbc5679bc2bab6a3b",
      "lines": 36
    },
    {
      "bucket": "chess-random-txr_full",
      "file": "session-random-007.jsonl",
      "relpath": "chess-random-txr_full\\session-random-007.jsonl",
      "sha256": "4daa5f2dfd5618cb137bc3b42cffea3cde0144ebce3400cd97e8712df55891e7",
      "lines": 91
    },
    {
      "bucket": "chess-random-txr_full",
      "file": "session-random-008.jsonl",
      "relpath": "chess-random-txr_full\\session-random-008.jsonl",
      "sha256": "fcd7e911e52638128d9da63773380515b3ee745483070dd8bcdd9d277edd6608",
      "lines": 36
    },
    {
      "bucket": "chess-random-txr_full",
      "file": "session-random-009.jsonl",
      "relpath": "chess-random-txr_full\\session-random-009.jsonl",
      "sha256": "96970afc22dfc1788c4b47a7dbcbbe248d01995616a488cc04ffdc5882d6a8ec",
      "lines": 61
    },
    {
      "bucket": "chess-random-txr_full",
      "file": "session-random-010.jsonl",
      "relpath": "chess-random-txr_full\\session-random-010.jsonl",
      "sha256": "1483024c31d454293e2d6e1e2086f6f948081907b6bc0596d2e682406b07b4dc",
      "lines": 36
    },
    {
      "bucket": "chess-random-txr_full",
      "file": "session-random-011.jsonl",
      "relpath": "chess-random-txr_full\\session-random-011.jsonl",
      "sha256": "9515a73489f49bc4dc7929dd679992d75da0b21d110a57990efaef6fefba79fb",
      "lines": 36
    },
    {
      "bucket": "chess-random-txr_full",
      "file": "session-random-012.jsonl",
      "relpath": "chess-random-txr_full\\session-random-012.jsonl",
      "sha256": "cbb89312b344d2cf503c4d7894479c15a3b638ab16caf91e0fa264f0803c0f8a",
      "lines": 56
    },
    {
      "bucket": "chess-random-txr_full",
      "file": "session-random-013.jsonl",
      "relpath": "chess-random-txr_full\\session-random-013.jsonl",
      "sha256": "abefc919545914a1d43fa3154d7c594674983b31343e4d4df1a4d0a02b620ac5",
      "lines": 36
    },
    {
      "bucket": "chess-random-txr_full",
      "file": "session-random-014.jsonl",
      "relpath": "chess-random-txr_full\\session-random-014.jsonl",
      "sha256": "fcd7e911e52638128d9da63773380515b3ee745483070dd8bcdd9d277edd6608",
      "lines": 36
    },
    {
      "bucket": "chess-random-txr_full",
      "file": "session-random-015.jsonl",
      "relpath": "chess-random-txr_full\\session-random-015.jsonl",
      "sha256": "dcf7fb0324ddc763ae28b48f8fad6221d66614c8117b62703cb4591af02dc124",
      "lines": 86
    },
    {
      "bucket": "chess-random-txr_full",
      "file": "session-random-016.jsonl",
      "relpath": "chess-random-txr_full\\session-random-016.jsonl",
      "sha256": "1d3c69a8dd37bb4855108b995e1627663ffdb03329f2f6893f8197bd530cda8b",
      "lines": 36
    },
    {
      "bucket": "chess-random-txr_full",
      "file": "session-random-017.jsonl",
      "relpath": "chess-random-txr_full\\session-random-017.jsonl",
      "sha256": "4daa5f2dfd5618cb137bc3b42cffea3cde0144ebce3400cd97e8712df55891e7",
      "lines": 91
    },
    {
      "bucket": "chess-random-txr_full",
      "file": "session-random-018.jsonl",
      "relpath": "chess-random-txr_full\\session-random-018.jsonl",
      "sha256": "efa4594a6b7ffa787d4e3aea0fea3d1ed29141f816adf839321bd00c80eeb57b",
      "lines": 56
    },
    {
      "bucket": "chess-random-txr_full",
      "file": "session-random-019.jsonl",
      "relpath": "chess-random-txr_full\\session-random-019.jsonl",
      "sha256": "9515a73489f49bc4dc7929dd679992d75da0b21d110a57990efaef6fefba79fb",
      "lines": 36
    },
    {
      "bucket": "chess-random-txr_full",
      "file": "session-random-020.jsonl",
      "relpath": "chess-random-txr_full\\session-random-020.jsonl",
      "sha256": "b66451555f16cdb0c8104f2466454c510b491795c03d90647fa269bfe902b2c1",
      "lines": 76
    },
    {
      "bucket": "chess-random-txr_full",
      "file": "session-random-021.jsonl",
      "relpath": "chess-random-txr_full\\session-random-021.jsonl",
      "sha256": "cbb89312b344d2cf503c4d7894479c15a3b638ab16caf91e0fa264f0803c0f8a",
      "lines": 56
    },
    {
      "bucket": "chess-random-txr_full",
      "file": "session-random-022.jsonl",
      "relpath": "chess-random-txr_full\\session-random-022.jsonl",
      "sha256": "b66451555f16cdb0c8104f2466454c510b491795c03d90647fa269bfe902b2c1",
      "lines": 76
    },
    {
      "bucket": "chess-random-txr_full",
      "file": "session-random-023.jsonl",
      "relpath": "chess-random-txr_full\\session-random-023.jsonl",
      "sha256": "73dc20a238684e41540da6dbac5a3f311aadf4ba068a5fa0f2ed0c46d165fd08",
      "lines": 36
    },
    {
      "bucket": "chess-random-txr_full",
      "file": "session-random-024.jsonl",
      "relpath": "chess-random-txr_full\\session-random-024.jsonl",
      "sha256": "84d400985f21dad7f7ad63ecafee1fd311b9412c29d2d0b1494a96aad07608ff",
      "lines": 36
    },
    {
      "bucket": "chess-random-txr_full",
      "file": "session-random-025.jsonl",
      "relpath": "chess-random-txr_full\\session-random-025.jsonl",
      "sha256": "84d400985f21dad7f7ad63ecafee1fd311b9412c29d2d0b1494a96aad07608ff",
      "lines": 36
    },
    {
      "bucket": "chess-random-txr_full",
      "file": "session-random-026.jsonl",
      "relpath": "chess-random-txr_full\\session-random-026.jsonl",
      "sha256": "15ac14df3206851641e5968791c0f81ef716e8e1b1fa1b44fcbb46a0bddd789d",
      "lines": 36
    },
    {
      "bucket": "chess-random-txr_full",
      "file": "session-random-027.jsonl",
      "relpath": "chess-random-txr_full\\session-random-027.jsonl",
      "sha256": "dcf7fb0324ddc763ae28b48f8fad6221d66614c8117b62703cb4591af02dc124",
      "lines": 86
    },
    {
      "bucket": "chess-random-txr_full",
      "file": "session-random-028.jsonl",
      "relpath": "chess-random-txr_full\\session-random-028.jsonl",
      "sha256": "a5cbcddade76a79532fe5b49ad511ab2ac32080fc55463135009953f0492a9e6",
      "lines": 36
    },
    {
      "bucket": "chess-random-txr_full",
      "file": "session-random-029.jsonl",
      "relpath": "chess-random-txr_full\\session-random-029.jsonl",
      "sha256": "1483024c31d454293e2d6e1e2086f6f948081907b6bc0596d2e682406b07b4dc",
      "lines": 36
    },
    {
      "bucket": "chess-random-txr_full",
      "file": "session-random-030.jsonl",
      "relpath": "chess-random-txr_full\\session-random-030.jsonl",
      "sha256": "b02d6dda371447586ecdecd74d1750d7562240b3676be33149c9b51be2fb1256",
      "lines": 36
    },
    {
      "bucket": "chess-random-txr_full",
      "file": "session-random-031.jsonl",
      "relpath": "chess-random-txr_full\\session-random-031.jsonl",
      "sha256": "15ac14df3206851641e5968791c0f81ef716e8e1b1fa1b44fcbb46a0bddd789d",
      "lines": 36
    },
    {
      "bucket": "chess-random-txr_full",
      "file": "session-random-032.jsonl",
      "relpath": "chess-random-txr_full\\session-random-032.jsonl",
      "sha256": "1d3c69a8dd37bb4855108b995e1627663ffdb03329f2f6893f8197bd530cda8b",
      "lines": 36
    },
    {
      "bucket": "chess-random-txr_full",
      "file": "session-random-033.jsonl",
      "relpath": "chess-random-txr_full\\session-random-033.jsonl",
      "sha256": "90d0daa781e093cfb30295467afb44f0af798c6b72cddf7fbc5679bc2bab6a3b",
      "lines": 36
    },
    {
      "bucket": "chess-random-txr_full",
      "file": "session-random-034.jsonl",
      "relpath": "chess-random-txr_full\\session-random-034.jsonl",
      "sha256": "a5cbcddade76a79532fe5b49ad511ab2ac32080fc55463135009953f0492a9e6",
      "lines": 36
    },
    {
      "bucket": "chess-random-txr_full",
      "file": "session-random-035.jsonl",
      "relpath": "chess-random-txr_full\\session-random-035.jsonl",
      "sha256": "a8674aedc3f997fbafea2d6e90756ee69bd34b88b0165163452d79c3f91f025f",
      "lines": 86
    },
    {
      "bucket": "chess-random-txr_full",
      "file": "session-random-036.jsonl",
      "relpath": "chess-random-txr_full\\session-random-036.jsonl",
      "sha256": "8af04f7e8213bc0ceb66d874da9ba877b5231b531a78c25b46ed50d50e1abf36",
      "lines": 36
    },
    {
      "bucket": "chess-random-txr_full",
      "file": "session-random-037.jsonl",
      "relpath": "chess-random-txr_full\\session-random-037.jsonl",
      "sha256": "4924d658de2d6ea233e30784a90c22ce894c1fc7a3c0ca4de0bda9bcd879f02b",
      "lines": 66
    },
    {
      "bucket": "chess-random-txr_full",
      "file": "session-random-038.jsonl",
      "relpath": "chess-random-txr_full\\session-random-038.jsonl",
      "sha256": "bdbdfbe8245d1d96e66a7cb5dbfa84776933336262f0135063a7d26669e0213e",
      "lines": 36
    },
    {
      "bucket": "chess-random-txr_full",
      "file": "session-random-039.jsonl",
      "relpath": "chess-random-txr_full\\session-random-039.jsonl",
      "sha256": "1d3c69a8dd37bb4855108b995e1627663ffdb03329f2f6893f8197bd530cda8b",
      "lines": 36
    },
    {
      "bucket": "chess-random-txr_full",
      "file": "session-random-040.jsonl",
      "relpath": "chess-random-txr_full\\session-random-040.jsonl",
      "sha256": "fcd7e911e52638128d9da63773380515b3ee745483070dd8bcdd9d277edd6608",
      "lines": 36
    },
    {
      "bucket": "chess-random-txr_full",
      "file": "session-random-041.jsonl",
      "relpath": "chess-random-txr_full\\session-random-041.jsonl",
      "sha256": "43cee1a9073843196a9685f4aa38314abfd32aff9cd491e76015b4f42914f643",
      "lines": 36
    },
    {
      "bucket": "chess-random-txr_full",
      "file": "session-random-042.jsonl",
      "relpath": "chess-random-txr_full\\session-random-042.jsonl",
      "sha256": "2a81186eda1e14d654adfd1686b2554b7626a85e3088956b3861d143312fa0d9",
      "lines": 96
    },
    {
      "bucket": "chess-random-txr_full",
      "file": "session-random-043.jsonl",
      "relpath": "chess-random-txr_full\\session-random-043.jsonl",
      "sha256": "73dc20a238684e41540da6dbac5a3f311aadf4ba068a5fa0f2ed0c46d165fd08",
      "lines": 36
    },
    {
      "bucket": "chess-random-txr_full",
      "file": "session-random-044.jsonl",
      "relpath": "chess-random-txr_full\\session-random-044.jsonl",
      "sha256": "bdbdfbe8245d1d96e66a7cb5dbfa84776933336262f0135063a7d26669e0213e",
      "lines": 36
    },
    {
      "bucket": "chess-random-txr_full",
      "file": "session-random-045.jsonl",
      "relpath": "chess-random-txr_full\\session-random-045.jsonl",
      "sha256": "2a81186eda1e14d654adfd1686b2554b7626a85e3088956b3861d143312fa0d9",
      "lines": 96
    },
    {
      "bucket": "chess-random-txr_full",
      "file": "session-random-046.jsonl",
      "relpath": "chess-random-txr_full\\session-random-046.jsonl",
      "sha256": "efa4594a6b7ffa787d4e3aea0fea3d1ed29141f816adf839321bd00c80eeb57b",
      "lines": 56
    },
    {
      "bucket": "chess-random-txr_full",
      "file": "session-random-047.jsonl",
      "relpath": "chess-random-txr_full\\session-random-047.jsonl",
      "sha256": "b02d6dda371447586ecdecd74d1750d7562240b3676be33149c9b51be2fb1256",
      "lines": 36
    },
    {
      "bucket": "chess-random-txr_full",
      "file": "session-random-048.jsonl",
      "relpath": "chess-random-txr_full\\session-random-048.jsonl",
      "sha256": "43cee1a9073843196a9685f4aa38314abfd32aff9cd491e76015b4f42914f643",
      "lines": 36
    },
    {
      "bucket": "chess-random-txr_full",
      "file": "session-random-049.jsonl",
      "relpath": "chess-random-txr_full\\session-random-049.jsonl",
      "sha256": "1483024c31d454293e2d6e1e2086f6f948081907b6bc0596d2e682406b07b4dc",
      "lines": 36
    },
    {
      "bucket": "chess-random-txr_full",
      "file": "session-random-050.jsonl",
      "relpath": "chess-random-txr_full\\session-random-050.jsonl",
      "sha256": "73dc20a238684e41540da6dbac5a3f311aadf4ba068a5fa0f2ed0c46d165fd08",
      "lines": 36
    },
    {
      "bucket": "chess-random-txr_full",
      "file": "session-random-051.jsonl",
      "relpath": "chess-random-txr_full\\session-random-051.jsonl",
      "sha256": "abefc919545914a1d43fa3154d7c594674983b31343e4d4df1a4d0a02b620ac5",
      "lines": 36
    },
    {
      "bucket": "chess-random-txr_full",
      "file": "session-random-052.jsonl",
      "relpath": "chess-random-txr_full\\session-random-052.jsonl",
      "sha256": "bdbdfbe8245d1d96e66a7cb5dbfa84776933336262f0135063a7d26669e0213e",
      "lines": 36
    },
    {
      "bucket": "chess-random-txr_full",
      "file": "session-random-053.jsonl",
      "relpath": "chess-random-txr_full\\session-random-053.jsonl",
      "sha256": "73dc20a238684e41540da6dbac5a3f311aadf4ba068a5fa0f2ed0c46d165fd08",
      "lines": 36
    },
    {
      "bucket": "chess-random-txr_full",
      "file": "session-random-054.jsonl",
      "relpath": "chess-random-txr_full\\session-random-054.jsonl",
      "sha256": "9515a73489f49bc4dc7929dd679992d75da0b21d110a57990efaef6fefba79fb",
      "lines": 36
    },
    {
      "bucket": "chess-random-txr_full",
      "file": "session-random-055.jsonl",
      "relpath": "chess-random-txr_full\\session-random-055.jsonl",
      "sha256": "43cee1a9073843196a9685f4aa38314abfd32aff9cd491e76015b4f42914f643",
      "lines": 36
    },
    {
      "bucket": "chess-random-txr_full",
      "file": "session-random-056.jsonl",
      "relpath": "chess-random-txr_full\\session-random-056.jsonl",
      "sha256": "9515a73489f49bc4dc7929dd679992d75da0b21d110a57990efaef6fefba79fb",
      "lines": 36
    },
    {
      "bucket": "chess-random-txr_full",
      "file": "session-random-057.jsonl",
      "relpath": "chess-random-txr_full\\session-random-057.jsonl",
      "sha256": "cbb89312b344d2cf503c4d7894479c15a3b638ab16caf91e0fa264f0803c0f8a",
      "lines": 56
    },
    {
      "bucket": "chess-random-txr_full",
      "file": "session-random-058.jsonl",
      "relpath": "chess-random-txr_full\\session-random-058.jsonl",
      "sha256": "90d0daa781e093cfb30295467afb44f0af798c6b72cddf7fbc5679bc2bab6a3b",
      "lines": 36
    },
    {
      "bucket": "chess-random-txr_full",
      "file": "session-random-059.jsonl",
      "relpath": "chess-random-txr_full\\session-random-059.jsonl",
      "sha256": "90d0daa781e093cfb30295467afb44f0af798c6b72cddf7fbc5679bc2bab6a3b",
      "lines": 36
    },
    {
      "bucket": "chess-random-txr_full",
      "file": "session-random-060.jsonl",
      "relpath": "chess-random-txr_full\\session-random-060.jsonl",
      "sha256": "8af04f7e8213bc0ceb66d874da9ba877b5231b531a78c25b46ed50d50e1abf36",
      "lines": 36
    },
    {
      "bucket": "chess-random-txr_full",
      "file": "session-random-061.jsonl",
      "relpath": "chess-random-txr_full\\session-random-061.jsonl",
      "sha256": "43cee1a9073843196a9685f4aa38314abfd32aff9cd491e76015b4f42914f643",
      "lines": 36
    },
    {
      "bucket": "chess-random-txr_full",
      "file": "session-random-062.jsonl",
      "relpath": "chess-random-txr_full\\session-random-062.jsonl",
      "sha256": "a5cbcddade76a79532fe5b49ad511ab2ac32080fc55463135009953f0492a9e6",
      "lines": 36
    },
    {
      "bucket": "chess-random-txr_full",
      "file": "session-random-063.jsonl",
      "relpath": "chess-random-txr_full\\session-random-063.jsonl",
      "sha256": "8af04f7e8213bc0ceb66d874da9ba877b5231b531a78c25b46ed50d50e1abf36",
      "lines": 36
    },
    {
      "bucket": "chess-random-txr_full",
      "file": "session-random-064.jsonl",
      "relpath": "chess-random-txr_full\\session-random-064.jsonl",
      "sha256": "9196c99092d4c3eb5aa2466b620c58be84eba4403d4115a0fc9cc9a35d9f6279",
      "lines": 36
    },
    {
      "bucket": "chess-random-txr_full",
      "file": "session-random-065.jsonl",
      "relpath": "chess-random-txr_full\\session-random-065.jsonl",
      "sha256": "9196c99092d4c3eb5aa2466b620c58be84eba4403d4115a0fc9cc9a35d9f6279",
      "lines": 36
    },
    {
      "bucket": "chess-random-txr_full",
      "file": "session-random-066.jsonl",
      "relpath": "chess-random-txr_full\\session-random-066.jsonl",
      "sha256": "96970afc22dfc1788c4b47a7dbcbbe248d01995616a488cc04ffdc5882d6a8ec",
      "lines": 61
    },
    {
      "bucket": "chess-random-txr_full",
      "file": "session-random-067.jsonl",
      "relpath": "chess-random-txr_full\\session-random-067.jsonl",
      "sha256": "914f2a70ba0bd497774fa3bc28d4f05b6ca6c512f1078cecf8505063e2cbdba1",
      "lines": 36
    },
    {
      "bucket": "chess-random-txr_full",
      "file": "session-random-068.jsonl",
      "relpath": "chess-random-txr_full\\session-random-068.jsonl",
      "sha256": "efa4594a6b7ffa787d4e3aea0fea3d1ed29141f816adf839321bd00c80eeb57b",
      "lines": 56
    },
    {
      "bucket": "chess-random-txr_full",
      "file": "session-random-069.jsonl",
      "relpath": "chess-random-txr_full\\session-random-069.jsonl",
      "sha256": "dcf7fb0324ddc763ae28b48f8fad6221d66614c8117b62703cb4591af02dc124",
      "lines": 86
    },
    {
      "bucket": "chess-random-txr_full",
      "file": "session-random-070.jsonl",
      "relpath": "chess-random-txr_full\\session-random-070.jsonl",
      "sha256": "b66451555f16cdb0c8104f2466454c510b491795c03d90647fa269bfe902b2c1",
      "lines": 76
    },
    {
      "bucket": "chess-random-txr_full",
      "file": "session-random-071.jsonl",
      "relpath": "chess-random-txr_full\\session-random-071.jsonl",
      "sha256": "2a81186eda1e14d654adfd1686b2554b7626a85e3088956b3861d143312fa0d9",
      "lines": 96
    },
    {
      "bucket": "chess-random-txr_full",
      "file": "session-random-072.jsonl",
      "relpath": "chess-random-txr_full\\session-random-072.jsonl",
      "sha256": "4924d658de2d6ea233e30784a90c22ce894c1fc7a3c0ca4de0bda9bcd879f02b",
      "lines": 66
    },
    {
      "bucket": "chess-random-txr_full",
      "file": "session-random-073.jsonl",
      "relpath": "chess-random-txr_full\\session-random-073.jsonl",
      "sha256": "914f2a70ba0bd497774fa3bc28d4f05b6ca6c512f1078cecf8505063e2cbdba1",
      "lines": 36
    },
    {
      "bucket": "chess-random-txr_full",
      "file": "session-random-074.jsonl",
      "relpath": "chess-random-txr_full\\session-random-074.jsonl",
      "sha256": "84d400985f21dad7f7ad63ecafee1fd311b9412c29d2d0b1494a96aad07608ff",
      "lines": 36
    },
    {
      "bucket": "chess-random-txr_full",
      "file": "session-random-075.jsonl",
      "relpath": "chess-random-txr_full\\session-random-075.jsonl",
      "sha256": "b02d6dda371447586ecdecd74d1750d7562240b3676be33149c9b51be2fb1256",
      "lines": 36
    },
    {
      "bucket": "chess-random-txr_full",
      "file": "session-random-076.jsonl",
      "relpath": "chess-random-txr_full\\session-random-076.jsonl",
      "sha256": "4924d658de2d6ea233e30784a90c22ce894c1fc7a3c0ca4de0bda9bcd879f02b",
      "lines": 66
    },
    {
      "bucket": "chess-random-txr_full",
      "file": "session-random-077.jsonl",
      "relpath": "chess-random-txr_full\\session-random-077.jsonl",
      "sha256": "4daa5f2dfd5618cb137bc3b42cffea3cde0144ebce3400cd97e8712df55891e7",
      "lines": 91
    },
    {
      "bucket": "chess-random-txr_full",
      "file": "session-random-078.jsonl",
      "relpath": "chess-random-txr_full\\session-random-078.jsonl",
      "sha256": "b66451555f16cdb0c8104f2466454c510b491795c03d90647fa269bfe902b2c1",
      "lines": 76
    },
    {
      "bucket": "chess-random-txr_full",
      "file": "session-random-079.jsonl",
      "relpath": "chess-random-txr_full\\session-random-079.jsonl",
      "sha256": "a8674aedc3f997fbafea2d6e90756ee69bd34b88b0165163452d79c3f91f025f",
      "lines": 86
    },
    {
      "bucket": "chess-random-txr_full",
      "file": "session-random-080.jsonl",
      "relpath": "chess-random-txr_full\\session-random-080.jsonl",
      "sha256": "efa4594a6b7ffa787d4e3aea0fea3d1ed29141f816adf839321bd00c80eeb57b",
      "lines": 56
    },
    {
      "bucket": "chess-random-txr_full",
      "file": "session-random-081.jsonl",
      "relpath": "chess-random-txr_full\\session-random-081.jsonl",
      "sha256": "914f2a70ba0bd497774fa3bc28d4f05b6ca6c512f1078cecf8505063e2cbdba1",
      "lines": 36
    },
    {
      "bucket": "chess-random-txr_full",
      "file": "session-random-082.jsonl",
      "relpath": "chess-random-txr_full\\session-random-082.jsonl",
      "sha256": "15ac14df3206851641e5968791c0f81ef716e8e1b1fa1b44fcbb46a0bddd789d",
      "lines": 36
    },
    {
      "bucket": "chess-random-txr_full",
      "file": "session-random-083.jsonl",
      "relpath": "chess-random-txr_full\\session-random-083.jsonl",
      "sha256": "9196c99092d4c3eb5aa2466b620c58be84eba4403d4115a0fc9cc9a35d9f6279",
      "lines": 36
    },
    {
      "bucket": "chess-random-txr_full",
      "file": "session-random-084.jsonl",
      "relpath": "chess-random-txr_full\\session-random-084.jsonl",
      "sha256": "8af04f7e8213bc0ceb66d874da9ba877b5231b531a78c25b46ed50d50e1abf36",
      "lines": 36
    },
    {
      "bucket": "chess-random-txr_full",
      "file": "session-random-085.jsonl",
      "relpath": "chess-random-txr_full\\session-random-085.jsonl",
      "sha256": "bdbdfbe8245d1d96e66a7cb5dbfa84776933336262f0135063a7d26669e0213e",
      "lines": 36
    },
    {
      "bucket": "chess-random-txr_full",
      "file": "session-random-086.jsonl",
      "relpath": "chess-random-txr_full\\session-random-086.jsonl",
      "sha256": "2a81186eda1e14d654adfd1686b2554b7626a85e3088956b3861d143312fa0d9",
      "lines": 96
    },
    {
      "bucket": "chess-random-txr_full",
      "file": "session-random-087.jsonl",
      "relpath": "chess-random-txr_full\\session-random-087.jsonl",
      "sha256": "9196c99092d4c3eb5aa2466b620c58be84eba4403d4115a0fc9cc9a35d9f6279",
      "lines": 36
    },
    {
      "bucket": "chess-random-txr_full",
      "file": "session-random-088.jsonl",
      "relpath": "chess-random-txr_full\\session-random-088.jsonl",
      "sha256": "a8674aedc3f997fbafea2d6e90756ee69bd34b88b0165163452d79c3f91f025f",
      "lines": 86
    },
    {
      "bucket": "chess-random-txr_full",
      "file": "session-random-089.jsonl",
      "relpath": "chess-random-txr_full\\session-random-089.jsonl",
      "sha256": "b02d6dda371447586ecdecd74d1750d7562240b3676be33149c9b51be2fb1256",
      "lines": 36
    },
    {
      "bucket": "chess-random-txr_full",
      "file": "session-random-090.jsonl",
      "relpath": "chess-random-txr_full\\session-random-090.jsonl",
      "sha256": "914f2a70ba0bd497774fa3bc28d4f05b6ca6c512f1078cecf8505063e2cbdba1",
      "lines": 36
    },
    {
      "bucket": "chess-random-txr_full",
      "file": "session-random-091.jsonl",
      "relpath": "chess-random-txr_full\\session-random-091.jsonl",
      "sha256": "4924d658de2d6ea233e30784a90c22ce894c1fc7a3c0ca4de0bda9bcd879f02b",
      "lines": 66
    },
    {
      "bucket": "chess-random-txr_full",
      "file": "session-random-092.jsonl",
      "relpath": "chess-random-txr_full\\session-random-092.jsonl",
      "sha256": "96970afc22dfc1788c4b47a7dbcbbe248d01995616a488cc04ffdc5882d6a8ec",
      "lines": 61
    },
    {
      "bucket": "chess-random-txr_full",
      "file": "session-random-093.jsonl",
      "relpath": "chess-random-txr_full\\session-random-093.jsonl",
      "sha256": "96970afc22dfc1788c4b47a7dbcbbe248d01995616a488cc04ffdc5882d6a8ec",
      "lines": 61
    },
    {
      "bucket": "chess-random-txr_full",
      "file": "session-random-094.jsonl",
      "relpath": "chess-random-txr_full\\session-random-094.jsonl",
      "sha256": "abefc919545914a1d43fa3154d7c594674983b31343e4d4df1a4d0a02b620ac5",
      "lines": 36
    },
    {
      "bucket": "chess-random-txr_full",
      "file": "session-random-095.jsonl",
      "relpath": "chess-random-txr_full\\session-random-095.jsonl",
      "sha256": "84d400985f21dad7f7ad63ecafee1fd311b9412c29d2d0b1494a96aad07608ff",
      "lines": 36
    },
    {
      "bucket": "chess-random-txr_full",
      "file": "session-random-096.jsonl",
      "relpath": "chess-random-txr_full\\session-random-096.jsonl",
      "sha256": "fcd7e911e52638128d9da63773380515b3ee745483070dd8bcdd9d277edd6608",
      "lines": 36
    },
    {
      "bucket": "chess-random-txr_full",
      "file": "session-random-097.jsonl",
      "relpath": "chess-random-txr_full\\session-random-097.jsonl",
      "sha256": "cbb89312b344d2cf503c4d7894479c15a3b638ab16caf91e0fa264f0803c0f8a",
      "lines": 56
    },
    {
      "bucket": "chess-random-txr_full",
      "file": "session-random-098.jsonl",
      "relpath": "chess-random-txr_full\\session-random-098.jsonl",
      "sha256": "dcf7fb0324ddc763ae28b48f8fad6221d66614c8117b62703cb4591af02dc124",
      "lines": 86
    },
    {
      "bucket": "chess-random-txr_full",
      "file": "session-random-099.jsonl",
      "relpath": "chess-random-txr_full\\session-random-099.jsonl",
      "sha256": "4daa5f2dfd5618cb137bc3b42cffea3cde0144ebce3400cd97e8712df55891e7",
      "lines": 91
    },
    {
      "bucket": "chess-random-txr_full",
      "file": "session-random-100.jsonl",
      "relpath": "chess-random-txr_full\\session-random-100.jsonl",
      "sha256": "15ac14df3206851641e5968791c0f81ef716e8e1b1fa1b44fcbb46a0bddd789d",
      "lines": 36
    }
  ]
}